지점,지점명,일시,평균기온(°C),최저기온(°C),최고기온(°C),일강수량(mm),평균 풍속(m/s),평균 상대습도(%),평균 현지기압(hPa)
108,서울,2021-01-01,-4.2,-9.8,1.6,,2,64,1014.9
108,서울,2021-01-02,-5,-8.4,-1.4,,2.6,38.5,1018.5
108,서울,2021-01-03,-5.6,-9.1,-2,,2,45,1023
108,서울,2021-01-04,-3.5,-8.4,0.3,0,1.7,51.4,1020.3
108,서울,2021-01-05,-5.5,-9.9,-2.1,0,2.9,52.8,1019.2
108,서울,2021-01-06,-7.4,-12,-1.9,2.3,2.4,54.6,1012.8
108,서울,2021-01-07,-14.5,-16.5,-8.4,,4.1,49.9,1015.3
108,서울,2021-01-08,-14.9,-18.6,-10.7,,3.3,44,1014.1
108,서울,2021-01-09,-12.2,-16.6,-7.5,,2.6,46.3,1014
108,서울,2021-01-10,-7.7,-12.8,-2.7,,1.3,54.4,1017
108,서울,2021-01-11,-6.7,-9.6,-4,,1.9,62.1,1015.5
108,서울,2021-01-12,-3.9,-9.3,-0.5,2.6,1.8,79.5,1006.9
108,서울,2021-01-13,2,-3,8.3,0,2.4,80.3,1004.6
108,서울,2021-01-14,1.7,-3.6,7,,2.3,46.5,1011.1
108,서울,2021-01-15,4.5,-0.7,9.9,0.2,3,67.4,1005.6
108,서울,2021-01-16,-4.9,-8.7,-0.7,,3.3,59.3,1014.8
108,서울,2021-01-17,-5.5,-10.8,-1.3,0,2.3,58.5,1016.4
108,서울,2021-01-18,-3.8,-9.1,0.2,0.3,3.2,64.3,1010.7
108,서울,2021-01-19,-6.3,-11.6,-0.2,,1.8,37.9,1021.2
108,서울,2021-01-20,-0.1,-6.6,7.1,,2.2,37.8,1019.1
108,서울,2021-01-21,4.5,2.5,7,9.2,2.3,64.4,1012.6
108,서울,2021-01-22,5.5,4.8,6.6,0.1,1.7,92.9,1009.2
108,서울,2021-01-23,7.6,4.8,12.2,,4.2,66,1009.8
108,서울,2021-01-24,7.3,2.4,13.9,,2.1,63.9,1015.2
108,서울,2021-01-25,7.9,3,13.9,,1.9,62,1015.1
108,서울,2021-01-26,5.3,1.7,7.4,1.7,1.9,80.4,1009.4
108,서울,2021-01-27,1.7,-1.8,6.5,,2.2,47.6,1012.9
108,서울,2021-01-28,-2.6,-9.7,1.4,2,4,52.3,1006.5
108,서울,2021-01-29,-8.8,-11.6,-4.9,,3.5,40,1015.6
108,서울,2021-01-30,-1.6,-8.1,5.2,0.5,2.5,60,1015
108,서울,2021-01-31,3.2,-3.8,8.7,,2,57,1015.5
108,서울,2021-02-01,5,-2.3,9.5,0.7,2.7,74.5,1006.2
108,서울,2021-02-02,-5.6,-8.2,-2.4,0,3.9,44.1,1015.4
108,서울,2021-02-03,-3.2,-9.4,1.4,3.4,2.2,64.6,1014.5
108,서울,2021-02-04,-3.6,-7.4,0.7,0.1,2.5,50.1,1016.4
108,서울,2021-02-05,1.4,-4.4,6.7,,2.4,71.8,1010.2
108,서울,2021-02-06,6.8,4.3,9.5,,2.2,80.4,1004.8
108,서울,2021-02-07,3.6,-2.6,7.7,,2.9,67,1010.8
108,서울,2021-02-08,-3.1,-5.4,0.2,,3.4,43.6,1017.5
108,서울,2021-02-09,-0.9,-6.1,4.7,,2,51.9,1017.6
108,서울,2021-02-10,3.4,-1.5,7.2,,2.1,75.1,1014.5
108,서울,2021-02-11,5.5,1.3,10.9,,1.3,71.5,1014.6
108,서울,2021-02-12,6.5,0.6,14,,1.7,60.6,1014.3
108,서울,2021-02-13,7.6,1,15.9,,1.5,50.6,1013.7
108,서울,2021-02-14,9.5,6.4,13.8,0,1.7,47.6,1004.5
108,서울,2021-02-15,1.2,-5.2,8.2,1.4,4,65.1,1001
108,서울,2021-02-16,-5.1,-7,-1.3,1.5,3.2,57.9,1006.2
108,서울,2021-02-17,-8.3,-10.4,-5.2,0,5,44.1,1008
108,서울,2021-02-18,-5.8,-10.6,-0.4,,3.1,44.9,1011.4
108,서울,2021-02-19,1.6,-7.1,8.9,,2.9,66.9,1006.5
108,서울,2021-02-20,8.8,5.5,14.9,,2.1,60.4,999.5
108,서울,2021-02-21,10.8,4.7,17.4,,2.8,66.6,999.2
108,서울,2021-02-22,7.8,0.4,12.6,,2.9,58.3,1004.5
108,서울,2021-02-23,0,-3.1,4.3,,2.9,34,1015.2
108,서울,2021-02-24,2.9,-3,10.1,,1.8,33,1014.7
108,서울,2021-02-25,4.2,0.7,8.2,,1.4,35.1,1013.1
108,서울,2021-02-26,8.2,0.5,15.8,,2.3,35,1013.3
108,서울,2021-02-27,9.5,4.3,16.2,,3.4,48.6,1017.8
108,서울,2021-02-28,7.8,3.2,10.8,,2.1,49,1015.4
108,서울,2021-03-01,4.7,0.5,9,67.5,3.5,91,1005
108,서울,2021-03-02,2.3,0.2,6.9,0.1,1.9,75.9,1014.4
108,서울,2021-03-03,4.4,-1.2,9.9,,1.8,64.4,1018.3
108,서울,2021-03-04,7.2,2.5,13,,1.9,62.4,1013.5
108,서울,2021-03-05,9,3,16.2,,2.1,70.3,1010.7
108,서울,2021-03-06,6.6,3.2,11.6,,3.3,69.5,1016.7
108,서울,2021-03-07,6.2,2.1,12.2,,2.8,62.9,1017.7
108,서울,2021-03-08,7,1.5,13.9,,1.8,60.3,1016.3
108,서울,2021-03-09,6.6,2.1,12.2,,2.2,58.5,1015.2
108,서울,2021-03-10,8.8,1.7,17.1,,1.8,61.8,1017.7
108,서울,2021-03-11,10.2,4.7,17.1,,1.8,50.8,1015.4
108,서울,2021-03-12,10.5,7.2,14.9,0,2.2,57,1011.5
108,서울,2021-03-13,9.2,4.6,14.2,,2.2,62.8,1011.1
108,서울,2021-03-14,9.1,4.9,14.7,,2.2,71.4,1009.6
108,서울,2021-03-15,10.6,5.1,15.7,1.7,2.4,68.8,1005.9
108,서울,2021-03-16,8.4,4.9,13.1,1.3,3.2,52.5,1005.5
108,서울,2021-03-17,8.8,1.8,17.5,,1.8,44.9,1008.8
108,서울,2021-03-18,11.7,5,18.4,,1.8,50.1,1009.1
108,서울,2021-03-19,15.3,11.4,20.2,,2.2,47.9,1008
108,서울,2021-03-20,9.9,7.4,14.7,5.1,2.2,74.6,1002.9
108,서울,2021-03-21,5.8,3.1,8.6,0.3,4,65.9,1004.5
108,서울,2021-03-22,6.2,1.1,11.1,,3.2,55.3,1009.9
108,서울,2021-03-23,9.1,2.5,16.4,,2.5,63.5,1010.1
108,서울,2021-03-24,10.8,5.7,16.9,,2.4,61.5,1010
108,서울,2021-03-25,11.9,6.8,19,,2.2,68.5,1010.8
108,서울,2021-03-26,12.6,4.8,20.6,,1.4,58.4,1010.2
108,서울,2021-03-27,12.1,10.2,15,25.5,2.5,70.9,999.8
108,서울,2021-03-28,9,7.7,13,9.2,3.3,95.8,992.7
108,서울,2021-03-29,10.2,7.3,14.6,0.2,3.3,62.3,998.3
108,서울,2021-03-30,10.8,4.1,18.2,,2.2,47.3,1002.4
108,서울,2021-03-31,14.5,5.9,22.9,,1.8,41,1004.1
108,서울,2021-04-01,17.7,12,24,,3.5,33,1008.1
108,서울,2021-04-02,17.8,12.5,23,0,3.2,35.6,1008.7
108,서울,2021-04-03,14.9,10.9,18,56.2,3.1,80.8,1002.1
108,서울,2021-04-04,11.9,9,15.8,0.6,3.2,65.8,1005.4
108,서울,2021-04-05,11.9,5.4,19.3,,2.4,47.9,1011.7
108,서울,2021-04-06,13.9,9.4,19.2,,2.5,50.9,1009.7
108,서울,2021-04-07,14.1,8.1,20.4,,2.5,47.5,1009
108,서울,2021-04-08,13,7.2,18,,2.7,34,1008.1
108,서울,2021-04-09,13.6,7.6,19.6,,2.7,39.3,1014
108,서울,2021-04-10,12.6,7.7,18.8,,2.6,50,1019.8
108,서울,2021-04-11,15,7.5,21.8,,1.7,45.4,1018.7
108,서울,2021-04-12,13.8,11.9,17.8,22,2.4,70.4,1007.1
108,서울,2021-04-13,10.4,5.7,13.5,8,3.7,74,1002.4
108,서울,2021-04-14,8.4,3.1,13.3,,2.9,58.5,1008.8
108,서울,2021-04-15,11.6,6.3,18.3,,2.1,62.3,1007.9
108,서울,2021-04-16,11.3,8.1,14.8,0.7,2.6,60,1005.6
108,서울,2021-04-17,9.6,6,14.6,0,2.6,56.6,1004.3
108,서울,2021-04-18,9.9,5.6,15.3,,3.2,64.3,1005.9
108,서울,2021-04-19,12.2,5.8,19.4,,2.4,65.3,1006.9
108,서울,2021-04-20,14.8,8.1,22,,1.9,55.1,1010.6
108,서울,2021-04-21,19.1,10.3,28.2,,1.8,43.1,1011.1
108,서울,2021-04-22,20.9,16.1,27.5,,2.5,37.9,1008.5
108,서울,2021-04-23,19,17,21.7,0,3.2,41.4,1009.1
108,서울,2021-04-24,18.3,15.3,22.2,0,2.7,43,1009.5
108,서울,2021-04-25,18.2,12.6,24,,2.7,50,1009.1
108,서울,2021-04-26,16.2,12.3,20.6,,2.6,51.8,1010.6
108,서울,2021-04-27,15.4,12.5,20,1.7,2.3,62.4,1007.5
108,서울,2021-04-28,14.5,11.2,18.2,4.7,2.4,64.1,1005.8
108,서울,2021-04-29,14.6,10.9,20.1,3.9,2.3,54.1,995.8
108,서울,2021-04-30,11.3,8.6,14.6,26.3,2.4,81.8,994.3
108,서울,2021-05-01,10.2,8.5,15.3,8,2.7,80.8,995.6
108,서울,2021-05-02,12.4,7.3,18.7,1.7,3.1,67.9,1006.2
108,서울,2021-05-03,14.1,8.4,20.3,,2.1,56.4,1007.6
108,서울,2021-05-04,13.8,11.4,15.8,19.6,2.1,82.6,999.3
108,서울,2021-05-05,13.9,10.3,18.4,0.1,3.5,64.4,1002.3
108,서울,2021-05-06,15.7,7.9,23.1,,2.4,46.4,1005.1
108,서울,2021-05-07,14.4,10.7,17.2,8.8,3.4,60.3,996
108,서울,2021-05-08,14.3,8.9,21,,3.4,66.1,994.4
108,서울,2021-05-09,15.7,10,21.8,,3.5,51.3,999.3
108,서울,2021-05-10,13.2,11.7,14.6,0,1.8,67.9,1003.2
108,서울,2021-05-11,18.5,9.4,25.7,,2.7,48.9,1003.1
108,서울,2021-05-12,22,16.9,27.7,,2.2,39.5,1001.9
108,서울,2021-05-13,22.9,16.6,29.6,,1.9,54.4,1001.1
108,서울,2021-05-14,24.1,18,30.8,,1.7,60.3,1000.7
108,서울,2021-05-15,22.1,20.8,26.2,15,1.7,79.5,996.4
108,서울,2021-05-16,18.4,14.8,20.8,66.9,2.5,97.6,991.1
108,서울,2021-05-17,15.3,14.2,16.7,3.1,1.6,93,997
108,서울,2021-05-18,17.9,13.6,24.5,,1.7,70.5,1000.5
108,서울,2021-05-19,19.9,12.4,26.6,,1.8,52.3,1001.8
108,서울,2021-05-20,18.7,15.6,22.9,0.9,2.5,59.8,995.2
108,서울,2021-05-21,16,14.2,18.2,6.9,1.7,86.5,995.9
108,서울,2021-05-22,18.6,13.8,23.8,0.2,2.5,69.3,1000.8
108,서울,2021-05-23,19.5,14.3,25.1,,1.7,64.4,1000.8
108,서울,2021-05-24,19.4,16.4,24.5,,2.7,61,997.9
108,서울,2021-05-25,15.3,11.9,19.3,8.3,3.2,72.3,997
108,서울,2021-05-26,18,11.5,23,0,2.9,58.5,997.4
108,서울,2021-05-27,15.8,13.9,18.7,8.9,2.8,83,991.6
108,서울,2021-05-28,15.3,12.4,19.7,12.3,2.6,86,990.6
108,서울,2021-05-29,15.4,12.8,19.1,0.3,2.2,79.8,996.7
108,서울,2021-05-30,18.4,10.8,26.3,18.1,2.1,73,998.9
108,서울,2021-05-31,19.9,16.5,23.8,4,1.8,78.9,1001.1
108,서울,2021-06-01,20.2,15.9,23.9,3.2,2.2,74.6,1003.9
108,서울,2021-06-02,23.2,16.6,29.7,,2.1,64.4,1002.6
108,서울,2021-06-03,19.1,14.6,22.7,18.1,1.8,80.8,994.3
108,서울,2021-06-04,18.5,13.3,23.6,,2.9,69.4,991.7
108,서울,2021-06-05,20.8,17,25.7,,3.3,68.1,991
108,서울,2021-06-06,23,18.4,28.2,,2.2,69.6,996.7
108,서울,2021-06-07,21.1,19.4,24,0,1.7,71.5,1003.8
108,서울,2021-06-08,23.6,18.8,29.5,0.1,1.7,69.6,1005.1
108,서울,2021-06-09,25.8,19.5,31.6,,1.6,59.1,1004.6
108,서울,2021-06-10,24.9,20.5,29.8,6.1,2.2,68.5,1000.8
108,서울,2021-06-11,21.5,19.9,24.4,4.6,2.8,84.5,1000.1
108,서울,2021-06-12,24.2,18.2,30.2,,1.8,74.6,1001.7
108,서울,2021-06-13,24.8,20.9,29.7,,2,72.6,998.4
108,서울,2021-06-14,24.8,18.9,30.2,,2.1,68.8,995.7
108,서울,2021-06-15,22.5,21.5,25.3,1.9,2.3,79.1,994.5
108,서울,2021-06-16,24.3,20.3,28.9,,3.6,59.9,995.5
108,서울,2021-06-17,21.9,19.6,25,0,2.4,71.4,995.8
108,서울,2021-06-18,20,19,21.4,6.3,2.5,92.1,991.5
108,서울,2021-06-19,22.3,17.5,27.4,,1.8,74,991.4
108,서울,2021-06-20,22.9,17.6,29,,2.8,73.3,990.9
108,서울,2021-06-21,23.6,19.2,28.5,,2.2,67,994.5
108,서울,2021-06-22,22.8,19.7,28.6,0,2.1,67.9,998.3
108,서울,2021-06-23,22.4,18.8,27.9,7.5,2.4,70.5,1000.4
108,서울,2021-06-24,23,18.5,28,,1.9,71.1,1001.2
108,서울,2021-06-25,24.1,19.5,29.5,,2,69,1000.7
108,서울,2021-06-26,22.8,19.9,26.7,4.5,1.8,78.5,1000.5
108,서울,2021-06-27,24.5,19.8,30.8,38.2,2,72.1,997.3
108,서울,2021-06-28,23.7,21,29.2,0.1,1.9,76.4,995.4
108,서울,2021-06-29,23.9,21.3,28.4,8,1.8,78.6,995.6
108,서울,2021-06-30,24.3,21,28.8,6,1.3,77.9,997.1
108,서울,2021-07-01,26.3,21.4,31,,1.8,70.9,996.8
108,서울,2021-07-02,27.1,23.6,31.8,,2.3,64.1,998.7
108,서울,2021-07-03,22.6,19.6,25.7,60,3.6,80,996.3
108,서울,2021-07-04,21.4,19.8,23.1,21.4,2.3,96.8,994.4
108,서울,2021-07-05,23.3,20.1,26.9,,1.4,80.3,999.8
108,서울,2021-07-06,25.3,21,30.1,,1.6,73.4,997.2
108,서울,2021-07-07,26.4,23.9,29.1,12.7,1.5,78.5,997.1
108,서울,2021-07-08,26,23.8,29.8,2.9,2,81.6,995.2
108,서울,2021-07-09,25.5,23.6,29.2,0,1.9,77.3,995.5
108,서울,2021-07-10,25.9,23.1,29.2,0.5,2.4,80.4,997.5
108,서울,2021-07-11,25.7,24.1,27.5,0.4,2.2,86.8,999.9
108,서울,2021-07-12,28.1,23.8,32.5,,1.6,75.1,1000
108,서울,2021-07-13,28.8,26.3,31.5,,1.7,76.1,999.8
108,서울,2021-07-14,29.7,26.1,33.5,,2.2,71.4,1002.1
108,서울,2021-07-15,29.1,25.9,34.5,0,2.1,71.1,1004.5
108,서울,2021-07-16,28.8,24.2,35.2,,2.2,68.4,1004.3
108,서울,2021-07-17,29.1,24.7,32.8,0,2.3,63.1,1002.1
108,서울,2021-07-18,29.6,25.7,34.1,,2.1,62.5,1001.4
108,서울,2021-07-19,26.4,24,30.5,67.4,1.9,80.1,1003.4
108,서울,2021-07-20,27.9,23.6,31.8,0,1.5,75.8,1004.4
108,서울,2021-07-21,30.5,25.3,35.3,,1.7,64,1002.9
108,서울,2021-07-22,31.2,26.5,35.9,,2,59.8,1000.9
108,서울,2021-07-23,31.2,27.2,35.8,,1.8,61.8,999.3
108,서울,2021-07-24,31.7,26.9,36.5,,1.7,57.4,998.2
108,서울,2021-07-25,31.5,27.2,35.9,,2,55.8,996.5
108,서울,2021-07-26,31.2,27.4,35.4,,2.4,54.9,994.6
108,서울,2021-07-27,31.1,27.8,35.7,,2.1,60.5,992.9
108,서울,2021-07-28,30.4,27.1,34.7,0,1.9,67.4,992.5
108,서울,2021-07-29,29.6,27,33.3,,2,69.9,991.9
108,서울,2021-07-30,30.5,25.8,35.4,,2.1,63.1,990.5
108,서울,2021-07-31,29.8,26.8,34.3,3,2.5,69.9,990.6
108,서울,2021-08-01,27.1,25.1,28.8,21,1.3,81.8,991
108,서울,2021-08-02,26.5,25,28.6,1.7,1.6,82.6,993.6
108,서울,2021-08-03,28,24.1,31.4,0,1.8,76.9,997.7
108,서울,2021-08-04,28.9,26.3,33.2,,2,70.6,998.8
108,서울,2021-08-05,29.4,25.6,33.7,,2.1,68.1,996.4
108,서울,2021-08-06,28.1,26,32.2,,2.1,68.4,994
108,서울,2021-08-07,28,23.4,32.3,,2.1,65,993.5
108,서울,2021-08-08,26.8,24.4,32.1,12.7,1.7,74.8,993.4
108,서울,2021-08-09,28.3,23.3,33.6,,2.3,62.4,993.6
108,서울,2021-08-10,27.7,24.3,32.2,,2.3,62.5,997.5
108,서울,2021-08-11,27.4,24.1,31.6,0,2,70.3,1000.1
108,서울,2021-08-12,26.8,24,31.7,0,1.8,67.1,999.6
108,서울,2021-08-13,26.6,23.4,30.1,,2,70.4,996.7
108,서울,2021-08-14,26.1,23.4,30.5,,3,63.9,998.3
108,서울,2021-08-15,26.9,21.7,32.4,,2.3,59.6,1003.6
108,서울,2021-08-16,27.3,22.5,32.8,0,2.3,61.1,1004
108,서울,2021-08-17,25.9,21.9,31.3,9.3,2.4,65,1000.2
108,서울,2021-08-18,24.3,20.6,31,5.6,2.8,69.6,1000.4
108,서울,2021-08-19,26,21,31.5,,2.6,57.1,1001.6
108,서울,2021-08-20,26.6,22.6,30.7,0,2.3,63.6,1001.4
108,서울,2021-08-21,23.8,21,25.5,62.8,2.7,88.1,993.1
108,서울,2021-08-22,24.4,22.4,27,0,2.1,81.5,998.3
108,서울,2021-08-23,22.4,21,24,7.4,2,89.3,998.7
108,서울,2021-08-24,23.4,21.1,26.4,10.5,2.9,93.6,989.8
108,서울,2021-08-25,25,23.5,27.3,0.3,1.8,85.5,996.4
108,서울,2021-08-26,25.5,22.9,27.9,0.7,2.5,84.9,1001.8
108,서울,2021-08-27,22.4,20.4,25.5,0.9,1.3,83.5,1003.2
108,서울,2021-08-28,23.6,19.7,28.2,,1.8,80.4,1004.2
108,서울,2021-08-29,23.7,21.9,26.3,0.9,1.6,82.6,1004
108,서울,2021-08-30,24.2,21.2,27.7,0,1.4,77.5,1005.9
108,서울,2021-08-31,20.5,18.1,23.1,77.4,2.3,93.3,1004.6
108,서울,2021-09-01,21.4,18.5,23.9,0.8,2.9,83.1,999.7
108,서울,2021-09-02,23.5,20.7,26.7,,2.1,70.3,999.9
108,서울,2021-09-03,24.3,20.6,29.2,,2.4,60.3,999.8
108,서울,2021-09-04,23.2,18.5,28.6,,2.7,57,1005.3
108,서울,2021-09-05,23.1,19.4,27.3,,3.2,61.1,1008.4
108,서울,2021-09-06,22.3,18,26.4,12,3.2,70.1,1006.1
108,서울,2021-09-07,19.6,17.6,20.9,29.6,2.3,98.1,997.9
108,서울,2021-09-08,22.2,19,26.9,1.6,1.7,81.3,1000.5
108,서울,2021-09-09,23.5,19.1,29.1,,1.5,76.5,1003.6
108,서울,2021-09-10,23.6,19.5,28.9,,1.9,76,1003.2
108,서울,2021-09-11,24,19.9,29.4,,1.7,73.1,1002.7
108,서울,2021-09-12,24.2,19.2,29.8,,1.8,64.6,1003.2
108,서울,2021-09-13,24.8,20.8,30.3,,2.4,67.1,1006.4
108,서울,2021-09-14,24.6,20,29.5,,2.6,63.3,1005.4
108,서울,2021-09-15,23.6,19.5,28.9,,3.6,57.5,1006.2
108,서울,2021-09-16,22.9,18,27.3,,2.6,61.1,1002.8
108,서울,2021-09-17,23.5,20.5,28.2,,3,61.4,999.7
108,서울,2021-09-18,23.9,18.9,29.8,,1.6,65.1,1004.4
108,서울,2021-09-19,23.7,20.8,27.8,,1.9,62.9,1005.6
108,서울,2021-09-20,23.7,19,28.4,,2.7,63.6,1000.8
108,서울,2021-09-21,22,17.4,26.2,68.1,2.9,85.1,995.1
108,서울,2021-09-22,20.2,16.8,24.3,4.5,2.7,79,998.5
108,서울,2021-09-23,20.9,16.9,25.9,,2.4,67.3,1006.6
108,서울,2021-09-24,21.8,16.7,26.9,,2.2,67.5,1012.3
108,서울,2021-09-25,21.2,18.7,23.1,,2.3,72.6,1013.1
108,서울,2021-09-26,22.6,18.4,27.3,,2.3,63,1010.4
108,서울,2021-09-27,21.6,18.7,25,0,2.4,66,1005.8
108,서울,2021-09-28,21.5,19.6,24.4,1.3,2.2,75.1,1002.6
108,서울,2021-09-29,20.2,17.8,21.4,13.1,1.7,93.5,997.9
108,서울,2021-09-30,20.3,16,25.9,,1.5,83.9,999.2
108,서울,2021-10-01,21.1,16.9,27.5,13.3,2.4,75.8,998.8
108,서울,2021-10-02,20.7,16.4,26.6,,1.6,77.1,1003.6
108,서울,2021-10-03,22.3,17.1,28.8,,1.9,69.5,1008.4
108,서울,2021-10-04,22.9,19.2,25.6,3.6,2.9,81,1009.2
108,서울,2021-10-05,23.6,21.7,26.5,0,3.3,82.4,1010.1
108,서울,2021-10-06,18.8,17.9,21.7,6.4,2.8,91.5,1009.5
108,서울,2021-10-07,19.4,17.9,21.9,4.6,1.9,85.5,1006.7
108,서울,2021-10-08,18.8,17.5,20,3.5,1.7,91.3,1010.9
108,서울,2021-10-09,20.9,18.5,24.1,0.4,2.3,83.5,1011.8
108,서울,2021-10-10,19.9,14.9,24.3,14.2,2.2,89,1007.9
108,서울,2021-10-11,15.2,12.6,17.8,0.3,2.2,78.6,1011.4
108,서울,2021-10-12,17.9,15.8,21.3,,3.3,67.1,1014.8
108,서울,2021-10-13,19.6,14.9,25.2,,2.4,66.6,1013.5
108,서울,2021-10-14,19.7,17.4,23.9,,2,73.6,1009.2
108,서울,2021-10-15,19,17,21.4,0,2.1,74.4,1008.2
108,서울,2021-10-16,10.7,4.2,18.1,0,3.4,47.5,1013
108,서울,2021-10-17,5.6,1.3,10.8,,2.9,37.4,1017.7
108,서울,2021-10-18,9.6,2.8,16.1,5.6,2,60.4,1012.9
108,서울,2021-10-19,10.9,7.1,15,4.4,2.4,72.8,1009.3
108,서울,2021-10-20,9.5,4.6,15.8,,1.7,64.9,1011
108,서울,2021-10-21,9.8,4.9,16.2,,1.7,64.1,1009.7
108,서울,2021-10-22,10.8,5.2,17.2,,1.8,58.4,1012.2
108,서울,2021-10-23,11.4,5.7,18.4,,1.6,57.3,1017.7
108,서울,2021-10-24,11.4,6,18.1,,1.7,63.1,1015.9
108,서울,2021-10-25,11.7,6.3,17.6,,1.9,64.5,1012.7
108,서울,2021-10-26,13,7.7,19,,1.7,74.5,1009.9
108,서울,2021-10-27,13.4,9.8,18.1,0,2.2,63.4,1009.2
108,서울,2021-10-28,12.7,7.1,20,,1.4,54.6,1013.1
108,서울,2021-10-29,14.6,10.5,20.6,,2,55.9,1014.5
108,서울,2021-10-30,13.8,11,18,,1.6,62.4,1013.5
108,서울,2021-10-31,14.1,9.2,20.3,0.7,1.6,73.3,1013.4
108,서울,2021-11-01,12.9,10.3,16.9,,1.9,77.3,1013.1
108,서울,2021-11-02,11.5,7.9,16.9,,1.7,76.6,1011.6
108,서울,2021-11-03,12.1,7.6,17.1,,1.5,71.1,1009.2
108,서울,2021-11-04,12.1,8.4,16.3,0,1.3,80.4,1009.6
108,서울,2021-11-05,13,7.8,20.2,,1.5,68.5,1010.8
108,서울,2021-11-06,14.1,8.8,21.3,,1.6,61.1,1010.6
108,서울,2021-11-07,15.3,9.7,21.3,,2.1,57.5,1009.4
108,서울,2021-11-08,8.6,4.5,15.5,25.7,3.2,82.1,1001.4
108,서울,2021-11-09,4.9,3,6.5,2,2.4,80.3,999.8
108,서울,2021-11-10,4.2,0.7,7.7,0.3,2.5,73.4,998
108,서울,2021-11-11,5.3,2.1,9.7,0,2.9,60.6,1001
108,서울,2021-11-12,4.5,1.3,8.6,,2.6,55.4,1006.7
108,서울,2021-11-13,7.3,0.5,13.4,,1.5,66.1,1008.1
108,서울,2021-11-14,11.3,7.8,16.4,,2.2,69.8,1007.3
108,서울,2021-11-15,10.1,5.8,15.7,,1.6,71.3,1011.2
108,서울,2021-11-16,8.5,4.4,13.6,,1.9,65.5,1013.9
108,서울,2021-11-17,7.5,2.7,12.5,,1.6,64.1,1013.3
108,서울,2021-11-18,11.9,7.7,16.2,0,2.4,70.8,1007.5
108,서울,2021-11-19,12.9,10.2,16.7,,1.9,84.8,1007.3
108,서울,2021-11-20,10.4,6.8,15.6,,1.6,77,1010.4
108,서울,2021-11-21,10.4,7.6,13.1,5.9,1.9,74.4,1005.9
108,서울,2021-11-22,2.7,-0.6,7.5,1.3,4.1,61.8,1005.5
108,서울,2021-11-23,-0.6,-3.7,2.3,,3.2,60.9,1007.9
108,서울,2021-11-24,4.1,-2.6,9.1,0,1.9,64.3,1006.4
108,서울,2021-11-25,5.7,2.6,9.9,,2.2,55,1008.3
108,서울,2021-11-26,2.9,-0.5,7.2,0,2.2,57.5,1016.4
108,서울,2021-11-27,3.4,-1.4,10.1,,1.6,53,1023.5
108,서울,2021-11-28,5.1,-1.3,12.4,,1.5,52.4,1022.9
108,서울,2021-11-29,7.6,2.5,13.7,,1.6,62,1015.7
108,서울,2021-11-30,5.7,0.7,8.9,27.2,3.7,80.4,1000.8
108,서울,2021-12-01,-1.3,-3,1.5,,4.2,51.8,1011.2
108,서울,2021-12-02,1.3,-4.6,5,0.1,2.1,68.9,1008.2
108,서울,2021-12-03,1.9,-1.8,4.6,0.4,2.9,53.3,1008.4
108,서울,2021-12-04,1.4,-2.7,7,,2,48.5,1015.3
108,서울,2021-12-05,2.9,-2.3,9.6,,1.4,50.4,1018.6
108,서울,2021-12-06,5.4,-0.7,12.1,,1.6,61.4,1016.5
108,서울,2021-12-07,6.8,2.6,13.3,,1.2,68.3,1018.8
108,서울,2021-12-08,6.7,1.9,13.3,,1.5,70,1021.5
108,서울,2021-12-09,6.5,2.7,9.7,,2.2,70.3,1018.6
108,서울,2021-12-10,7,5.8,8.2,0.7,2.1,81.5,1014.6
108,서울,2021-12-11,6,4.4,9.8,,1.4,83.6,1015.4
108,서울,2021-12-12,1.2,-3.8,5.1,,3.2,61.8,1015.4
108,서울,2021-12-13,-2.2,-5.9,1.9,,2.3,43.8,1017.3
108,서울,2021-12-14,3.7,-0.7,8.2,1.2,2,64.9,1010.6
108,서울,2021-12-15,7.2,5.4,10,2.1,1.7,84.8,1009.3
108,서울,2021-12-16,6.4,3.3,9.8,0,1.8,71.6,1008.1
108,서울,2021-12-17,-5.6,-10.1,3.2,,4.6,50.5,1013.5
108,서울,2021-12-18,-5.7,-11.2,-1.8,2.8,2,64.1,1014.4
108,서울,2021-12-19,-0.8,-5.8,4.2,0.2,2,63.8,1011.2
108,서울,2021-12-20,5.2,-0.9,11.1,0,2.1,77.9,1006.3
108,서울,2021-12-21,5.2,0.8,8.9,,2,70.9,1006.9
108,서울,2021-12-22,2.2,-2.6,8.2,,1.7,47.4,1012.8
108,서울,2021-12-23,2.7,-1.5,8.3,,1.4,53.5,1013.9
108,서울,2021-12-24,-0.3,-7.3,3.2,0.2,2.6,65.3,1012.5
108,서울,2021-12-25,-11.7,-14.4,-7.3,,3.9,42.4,1021.5
108,서울,2021-12-26,-12.1,-15.5,-7.3,,3.1,43.5,1023.4
108,서울,2021-12-27,-7.6,-12.9,-3.9,0,1.7,60.9,1020
108,서울,2021-12-28,-4.1,-8.5,-0.9,,2.2,73.8,1016.9
108,서울,2021-12-29,0.4,-3.8,5.9,0.2,2.6,72.9,1009
108,서울,2021-12-30,-3.9,-6.8,0.2,0,3.3,48.5,1014.5
108,서울,2021-12-31,-6.7,-8.8,-3.9,,3.5,35.9,1020.6
108,서울,2022-01-01,-4.3,-10.2,2.3,,1.5,46.3,1019.8
108,서울,2022-01-02,-1.3,-5.2,3,0.3,2.3,57.9,1015.7
108,서울,2022-01-03,-1.9,-8,2.5,0,1.8,58.3,1015.3
108,서울,2022-01-04,-2.5,-5.6,1,0,2.4,51.8,1017.3
108,서울,2022-01-05,-2.8,-7.8,1.9,,1.7,47.6,1016.9
108,서울,2022-01-06,-2.2,-5.9,3.3,,2.3,47.1,1018
108,서울,2022-01-07,-1.6,-5.9,4.5,,1.5,47.1,1018.8
108,서울,2022-01-08,0.3,-5,3.7,0,1.7,64.3,1013.5
108,서울,2022-01-09,1.3,-1.2,5.6,,1.7,71.5,1011.7
108,서울,2022-01-10,0.5,-3.4,4.4,0.9,2,68.3,1009.7
108,서울,2022-01-11,-7.4,-10.3,0.3,0.2,4,55.5,1010.1
108,서울,2022-01-12,-7.7,-11.3,-3.4,,2.4,47.8,1012
108,서울,2022-01-13,-6.4,-8.9,-3.1,,3.3,45.8,1011.1
108,서울,2022-01-14,-4.8,-10.1,1.3,,1.7,41.8,1014.8
108,서울,2022-01-15,-1,-5.3,1.8,0,1.9,48.3,1011.9
108,서울,2022-01-16,-2,-7.2,2.4,0,3.3,54.5,1014.2
108,서울,2022-01-17,-5.8,-9.2,0.1,0.5,2.2,59.9,1016.5
108,서울,2022-01-18,-5.6,-9.9,-0.7,,2.3,47.9,1017.6
108,서울,2022-01-19,-5.3,-7.7,-2.7,1.7,2.1,72.3,1013.9
108,서울,2022-01-20,-5,-9.8,0.9,,1.8,63.5,1018.1
108,서울,2022-01-21,-2.7,-8.7,4.6,,1.8,55.6,1019.3
108,서울,2022-01-22,0.3,-5,7.1,,1.7,52.4,1015.4
108,서울,2022-01-23,2,-0.6,6.7,,1.7,52.4,1011.5
108,서울,2022-01-24,4.6,1.3,8.4,,3.5,56,1011
108,서울,2022-01-25,2.8,1.9,4.5,0.7,2.3,80,1010.2
108,서울,2022-01-26,1.3,-1.9,6.8,,2.2,62.8,1013.7
108,서울,2022-01-27,-1.1,-4.6,4,,2.1,50,1014.2
108,서울,2022-01-28,-2.7,-5.9,2.1,,2.8,51.6,1014.1
108,서울,2022-01-29,-3.6,-7.2,0.9,,2.4,48.9,1011.5
108,서울,2022-01-30,-2.8,-8,2.4,,2.2,45.4,1011.5
108,서울,2022-01-31,-0.7,-6.8,4.8,1.2,1.9,59,1012.9
108,서울,2022-02-01,-1.3,-2.7,0.9,1.7,2.6,76.6,1014.2
108,서울,2022-02-02,-3.4,-6,0,,2.4,60.5,1017.4
108,서울,2022-02-03,-3.4,-6.9,0.4,,2.4,52.4,1016.3
108,서울,2022-02-04,-5.2,-8.2,-0.7,0,3.1,53.3,1014.2
108,서울,2022-02-05,-6.6,-9.7,-2,,3.1,48.8,1015.4
108,서울,2022-02-06,-3.9,-8.4,1.7,,2.5,50.3,1016.9
108,서울,2022-02-07,-2.5,-7.3,1.9,,1.8,51.3,1017.5
108,서울,2022-02-08,-0.1,-4.1,5.6,,1.9,53.8,1016.6
108,서울,2022-02-09,1,-4.3,7.2,,1.8,52.3,1014.7
108,서울,2022-02-10,1.4,-3.2,6.7,,2.3,57.8,1012.5
108,서울,2022-02-11,2.9,-2.6,8.8,,1.8,61.1,1015.5
108,서울,2022-02-12,4.8,-0.1,10.4,,1.7,50.4,1014
108,서울,2022-02-13,4.8,1.6,9.5,,1.8,44.9,1011.3
108,서울,2022-02-14,2.5,-1.3,8.1,1.7,2.9,68.3,1009.5
108,서울,2022-02-15,-4.7,-7.7,-1.3,0,3.8,58,1011.1
108,서울,2022-02-16,-7.3,-9.6,-4.1,0,3.7,50.4,1012.9
108,서울,2022-02-17,-6.2,-10.7,-0.5,,2.5,41.6,1017.5
108,서울,2022-02-18,-1.2,-8,5.7,,2,40.4,1018.8
108,서울,2022-02-19,-1.7,-6.2,3.7,0.1,2.9,52.9,1013
108,서울,2022-02-20,-4.8,-8.4,-0.5,,4.1,41.1,1015.5
108,서울,2022-02-21,-3,-8.1,3.6,0.1,2.9,56.3,1016.9
108,서울,2022-02-22,-4.5,-8,0.5,,3.2,43.3,1021
108,서울,2022-02-23,-5.6,-10,-0.6,,2.6,38.5,1021.9
108,서울,2022-02-24,-2.4,-8.5,3.7,,2.2,52.4,1019.6
108,서울,2022-02-25,3,-3.6,8.4,,2.3,77.5,1015.6
108,서울,2022-02-26,5.4,1,9.3,1.1,3.9,78.4,1006.9
108,서울,2022-02-27,3.7,-1.6,9.1,,2.8,56.6,1010.9
108,서울,2022-02-28,6.8,2.7,11.5,,1.5,62.3,1009.9
108,서울,2022-03-01,5.8,0.3,9.7,2.3,2.3,70.5,1004.2
108,서울,2022-03-02,3.5,-2.3,8.8,,2.7,55.9,1007
108,서울,2022-03-03,5.8,0.9,12.4,,2.1,52.9,1007.1
108,서울,2022-03-04,6.9,0.6,14.6,,3.6,60.5,1001
108,서울,2022-03-05,2.3,-0.7,6.7,,4.3,38.4,1005.2
108,서울,2022-03-06,1.4,-3,6.8,,2.6,39.5,1011
108,서울,2022-03-07,2.8,-2.7,8.7,,2,45.8,1010
108,서울,2022-03-08,6,1.1,12.3,,2,56.1,1008.6
108,서울,2022-03-09,7.1,1.7,14.8,,1.9,69.6,1011.2
108,서울,2022-03-10,9.3,4.2,15.8,,2.1,51.4,1010.1
108,서울,2022-03-11,11.2,5.1,18.4,,1.9,58.4,1007.8
108,서울,2022-03-12,12.8,6.3,19.5,2.6,2.7,72.1,1004.4
108,서울,2022-03-13,11.7,10.7,12.6,42.1,1.9,95.5,1000.6
108,서울,2022-03-14,8.2,4.9,13.2,8.7,3.2,90.3,1001
108,서울,2022-03-15,7.2,2.3,13.3,,2,72.6,1003.7
108,서울,2022-03-16,10.3,3.6,16.8,,2.1,62.6,1006.2
108,서울,2022-03-17,10.7,7.8,15.1,1.2,2.7,62,1008.5
108,서울,2022-03-18,7.5,5.5,9.6,0,4.4,60.8,1000.8
108,서울,2022-03-19,3.4,0.9,6.1,14.6,3,84.6,998.9
108,서울,2022-03-20,5.4,2.2,9.3,0,2.6,66.1,1008.2
108,서울,2022-03-21,5,-0.3,10.9,,2.4,49.5,1013.3
108,서울,2022-03-22,7.1,1.1,13.6,,2.2,48.9,1011.4
108,서울,2022-03-23,6.2,4.9,8.2,,2.3,56.8,1007.5
108,서울,2022-03-24,8.2,3.9,12.4,,1.8,70.6,1009.1
108,서울,2022-03-25,12,6.3,17.2,10.9,2.6,70,1004.5
108,서울,2022-03-26,11.8,9.5,14.7,19.8,2.9,80.9,992.1
108,서울,2022-03-27,8.1,5,12.6,,3,49.1,1005.6
108,서울,2022-03-28,8.2,1.5,15.1,,2.1,35.6,1015.2
108,서울,2022-03-29,9.7,3.3,15.6,,2.1,52.9,1013.9
108,서울,2022-03-30,10.8,5.9,15.7,0.4,1.8,76.5,1010.3
108,서울,2022-03-31,10.9,7.6,14.7,,2.5,63.5,1013.4
108,서울,2022-04-01,9.2,4.5,14.9,,2.6,50.5,1018.1
108,서울,2022-04-02,8.2,3.7,14.2,,2.3,55,1016.7
108,서울,2022-04-03,9.6,3.5,17,,2.1,55,1017.3
108,서울,2022-04-04,10.3,5.1,16.4,,2.3,50.3,1017.2
108,서울,2022-04-05,10.3,4.9,15.8,,2.4,41.1,1011.9
108,서울,2022-04-06,11.7,8,17,,2.5,52.3,1010.5
108,서울,2022-04-07,10.9,7.4,15.7,,3.3,43.5,1007.5
108,서울,2022-04-08,12.9,5.1,20,,2.1,49,1008.5
108,서울,2022-04-09,17.8,12.4,24.2,0.5,3,43.8,1004.6
108,서울,2022-04-10,18.2,12.7,25.1,,2,46,1006.1
108,서울,2022-04-11,19.6,13.4,26.6,,2.4,60.4,1002.7
108,서울,2022-04-12,19.3,15.9,26.4,0.5,2.8,77.9,1000.4
108,서울,2022-04-13,13.1,12,15.9,1.3,4.4,69.3,1004.2
108,서울,2022-04-14,13.2,11.4,15.3,,4,53.4,1008
108,서울,2022-04-15,13.3,7.5,19.3,,3,46.8,1007.4
108,서울,2022-04-16,13.2,7.1,20.2,,2.5,48.5,1007.2
108,서울,2022-04-17,14,7.2,21.9,,2.3,53.8,1007.7
108,서울,2022-04-18,15.2,11.4,21.6,,2.4,46.1,1007.4
108,서울,2022-04-19,15.2,8.9,22.1,,2.4,51.9,1006.9
108,서울,2022-04-20,15.7,9.7,22.1,,2.3,48.8,1005.5
108,서울,2022-04-21,16.3,9.6,22.7,,2.8,48.4,1001.6
108,서울,2022-04-22,15,13.2,16.8,,3.5,76.8,1000.3
108,서울,2022-04-23,17.7,10.4,25.3,,1.7,57.3,1001.9
108,서울,2022-04-24,18.5,15,24.5,0.3,2.3,72.5,1001.2
108,서울,2022-04-25,20,17,23.6,1.3,1.4,80.5,1000.6
108,서울,2022-04-26,21.9,17,28.7,1,3.1,57.9,993.2
108,서울,2022-04-27,17.7,12.6,23.9,,2.7,31.5,1004.3
108,서울,2022-04-28,18.2,11.6,25.9,0,2.6,44,1005.6
108,서울,2022-04-29,13.4,10.7,16.5,15.5,3.4,70.6,1006.3
108,서울,2022-04-30,13,10.5,17.8,,2.9,68,1007.2
108,서울,2022-05-01,13.4,7.9,19.2,,3.1,54.8,1002.6
108,서울,2022-05-02,14.2,9.1,19.4,,2.4,56.5,1003.2
108,서울,2022-05-03,14.8,9.1,20.8,,2.5,45.9,1008.5
108,서울,2022-05-04,17.8,10,25.2,,2.7,43.3,1008.5
108,서울,2022-05-05,18.9,12.5,25.8,,2.2,48.1,1008.3
108,서울,2022-05-06,19.6,13.7,25.6,,2.5,67.1,1006.1
108,서울,2022-05-07,18.4,15.3,23.1,0.5,3,52.4,1006.6
108,서울,2022-05-08,15.3,11.7,18.2,2,2.8,51.8,1008.7
108,서울,2022-05-09,17.9,11,25.3,,2.2,56.4,1007.8
108,서울,2022-05-10,19.9,13.6,26.3,0,2.2,39,1005.7
108,서울,2022-05-11,19.7,16.6,25.2,0,2.4,50.4,1004.7
108,서울,2022-05-12,20.9,14.1,28.1,,1.9,51.5,1000.7
108,서울,2022-05-13,19.4,15,25.2,,2.2,45.8,997.5
108,서울,2022-05-14,15.7,11.9,20,,3.3,45.5,1001.8
108,서울,2022-05-15,16.2,10.5,22.4,,3.2,39.8,1003.6
108,서울,2022-05-16,17.3,10.9,23.7,,2.8,56.3,1001
108,서울,2022-05-17,20,13,27.4,,2.4,60.1,1002.6
108,서울,2022-05-18,20,15.7,25.4,1.5,2.9,59.4,1005.5
108,서울,2022-05-19,19.9,16.1,24.2,,3,53.6,1006
108,서울,2022-05-20,20.6,15.6,25.8,,2.3,52.8,1003.2
108,서울,2022-05-21,20.1,16.1,26,,2.5,70.8,999.1
108,서울,2022-05-22,20.3,15.7,25.8,,2.5,70.9,997.6
108,서울,2022-05-23,23,17.8,30.7,,2.3,63.5,1001.7
108,서울,2022-05-24,22.9,16.7,30.2,,2.1,56.8,1003.7
108,서울,2022-05-25,21,16.7,26.7,3.5,2.6,66.6,998.4
108,서울,2022-05-26,18.7,14.1,23.5,0,3.7,59.9,993.9
108,서울,2022-05-27,20,16,25.6,0,3.3,62.5,991.1
108,서울,2022-05-28,22.3,15,29.3,,2.8,54.1,995.1
108,서울,2022-05-29,23.1,19.3,29.7,,2.3,66.4,995
108,서울,2022-05-30,20.8,17.2,24.7,0,2.5,71,992.5
108,서울,2022-05-31,20.7,14.2,27.2,,2.5,42.4,997.5
108,서울,2022-06-01,22.1,16.2,28.6,,2.6,41.6,995.8
108,서울,2022-06-02,21.5,17.1,26.9,,2.7,67.4,997.3
108,서울,2022-06-03,24.5,18.7,32.6,,2,62.8,999.4
108,서울,2022-06-04,25.6,20.3,29.7,,1.7,57,999.4
108,서울,2022-06-05,22.7,20.2,27,0,2.3,59.8,992.9
108,서울,2022-06-06,19.7,16.7,24.5,4.3,3.2,69,991.8
108,서울,2022-06-07,20.6,15.1,25.1,0,2.7,54.5,997.3
108,서울,2022-06-08,21.2,16.2,25.8,,2.3,61.6,1001.1
108,서울,2022-06-09,20.9,18.5,24.5,2.6,1.6,76.1,1003
108,서울,2022-06-10,20.9,17.2,26.6,1.2,1.9,75.8,1003.8
108,서울,2022-06-11,24.6,17.7,32.7,,2.2,59.6,1002.1
108,서울,2022-06-12,24.6,18.9,31.5,,2.5,58.9,1001.9
108,서울,2022-06-13,23.6,19.6,29.2,18,2.6,68.5,999
108,서울,2022-06-14,21.5,17.7,27.1,0,4.2,56.4,998.4
108,서울,2022-06-15,17.5,14.9,20.1,18.5,2.3,92.4,996
108,서울,2022-06-16,20.3,17.6,24.8,0.7,2.3,78.4,997.7
108,서울,2022-06-17,22.5,16.5,28.1,,1.9,76.4,997.9
108,서울,2022-06-18,23.3,22,25.1,0,1.7,79.6,997.5
108,서울,2022-06-19,23.4,22.3,25.1,,1.4,81.6,997.6
108,서울,2022-06-20,25.2,22,29,,1.3,76.6,994.8
108,서울,2022-06-21,26.5,21.2,32.6,,2,72.6,993.9
108,서울,2022-06-22,25.9,21.9,31,,2.1,71.1,997.1
108,서울,2022-06-23,24.3,23.3,26.4,103,2.8,89.1,989.5
108,서울,2022-06-24,22.6,20.6,24.9,19.1,3.5,90.9,988.1
108,서울,2022-06-25,26,21.5,30.5,,2.8,80.4,994.1
108,서울,2022-06-26,26.5,24.8,28.1,,2.6,82.1,998.2
108,서울,2022-06-27,26.8,25.4,28.1,6.1,2.8,84.4,996.7
108,서울,2022-06-28,26.9,25.7,27.9,6.3,5.8,81.9,992.6
108,서울,2022-06-29,25.1,24.4,26.1,37.8,4.1,95.5,994.5
108,서울,2022-06-30,22.3,21.2,24.5,176.2,2.3,99.3,1000.6
108,서울,2022-07-01,26.6,21.9,30.9,,2.1,83.3,1004.4
108,서울,2022-07-02,28.8,24,33.8,,1.7,72.8,1002.6
108,서울,2022-07-03,29.3,24.4,34.2,,1.7,68.6,998.6
108,서울,2022-07-04,29.3,26.4,32.6,0,1.8,71.8,995.3
108,서울,2022-07-05,29.2,26.7,33.1,0,1.7,73.8,995.1
108,서울,2022-07-06,29.5,26.2,33.3,16.1,2.1,76,997
108,서울,2022-07-07,28.2,26.4,31,0,2.8,82.3,995.4
108,서울,2022-07-08,25.8,24,27.9,1.7,2.9,84.4,993
108,서울,2022-07-09,26.9,24,30.9,0.1,1.7,82.1,992.9
108,서울,2022-07-10,29.2,24.6,35.1,0,1.7,68,994.6
108,서울,2022-07-11,27,24.7,30.6,9,1.8,75,995.9
108,서울,2022-07-12,26.8,23.2,29.4,,2.2,73.1,997.5
108,서울,2022-07-13,25,24,27.1,114.5,1.8,93.9,992.3
108,서울,2022-07-14,25.7,23.3,29.9,0.9,2.3,84.6,990.2
108,서울,2022-07-15,26,23,30.3,,2.3,76.5,989.9
108,서울,2022-07-16,24.8,23.2,28.2,34,2,83.4,988.5
108,서울,2022-07-17,25.5,22.5,29.7,0,1.8,78.9,990.6
108,서울,2022-07-18,26.8,23.1,30.1,,2.2,76,989.4
108,서울,2022-07-19,27.4,24.3,31.1,,2.3,74.1,992.3
108,서울,2022-07-20,27.1,24.3,30.4,1.1,2.2,76.1,996.1
108,서울,2022-07-21,23.2,20.8,25.2,10.4,2.9,87.6,992.3
108,서울,2022-07-22,25.1,22.9,27.5,5.2,1.9,81.5,995.7
108,서울,2022-07-23,24.8,22.3,28,9.9,2,83.6,994.7
108,서울,2022-07-24,25,22,28.4,1.2,2.1,86.9,992.6
108,서울,2022-07-25,27.5,23.6,32,,1.9,75,998.7
108,서울,2022-07-26,28.9,24.4,33.1,,1.8,72.5,999.3
108,서울,2022-07-27,29.3,26.4,33.4,,2,66.3,999.6
108,서울,2022-07-28,29.7,25.1,34.4,,2.4,63.8,1000.8
108,서울,2022-07-29,30.7,27.3,34.3,,2.2,68.1,1001.8
108,서울,2022-07-30,30.9,27.3,36.1,1,2.6,68.4,999.3
108,서울,2022-07-31,27.2,25.4,29,47.2,2.5,85.8,996.4
108,서울,2022-08-01,28.6,25.4,32.4,30,2.4,82.4,995.6
108,서울,2022-08-02,26.8,25.5,28.5,33.5,2.8,90,998.4
108,서울,2022-08-03,27.1,25.2,30,51.1,2.8,90.1,1000.1
108,서울,2022-08-04,28.9,26,32.9,0,2.5,79.3,999.5
108,서울,2022-08-05,29.4,27,32.7,0,2.6,76.6,996.2
108,서울,2022-08-06,28.7,27.4,30.3,13.6,1.7,85.3,996.1
108,서울,2022-08-07,28.9,27.2,31.7,0.9,2.4,82.1,996.2
108,서울,2022-08-08,26.8,,28.4,129.6,3.3,91.6,995.9
108,서울,2022-08-09,25.1,22,26.5,123.1,2.6,96,995.7
108,서울,2022-08-10,24.7,21.4,28.8,7.6,1.6,85.3,996
108,서울,2022-08-11,25,23.4,27.5,38.8,1.6,87.9,994.2
108,서울,2022-08-12,27,23,32.4,,1.7,73.8,996.2
108,서울,2022-08-13,25.8,24.7,27.5,4,1.3,82.8,995.6
108,서울,2022-08-14,27.6,24.5,31.5,3,1.9,83,995.5
108,서울,2022-08-15,28.1,26.6,29.8,0.9,4.8,83,990.6
108,서울,2022-08-16,26.7,24.1,30,0,2.6,75.4,993.5
108,서울,2022-08-17,26,22.8,30.5,0,2,76.6,996
108,서울,2022-08-18,25.6,22.4,29.8,,1.9,75.8,997.4
108,서울,2022-08-19,26,23.3,27.5,66.1,2.3,86.1,992.5
108,서울,2022-08-20,28.2,25.7,32,0,2.4,80,991.9
108,서울,2022-08-21,28.1,24.7,32,,1.7,75.3,994.9
108,서울,2022-08-22,26.8,22.9,30.2,3.2,2.3,75.6,994.3
108,서울,2022-08-23,25.4,22.4,30.2,2.2,2,75,995.9
108,서울,2022-08-24,24.8,22.4,27.9,,2.5,66.9,997.9
108,서울,2022-08-25,22.2,21.1,24,1.6,1.8,78,997.7
108,서울,2022-08-26,23.8,19.9,28.4,,2.4,75.3,997.1
108,서울,2022-08-27,21.5,17.6,25.5,17.6,2.8,63.1,1000.3
108,서울,2022-08-28,22.6,16.1,28.4,,1.7,59.4,1004.5
108,서울,2022-08-29,21,19.5,22.5,2.2,2.3,74,1005.5
108,서울,2022-08-30,19.1,17.9,20.3,35.8,2.6,96.3,1001.2
108,서울,2022-08-31,21.7,19.6,24.9,0,1.8,83.3,998.8
108,서울,2022-09-01,24,18.3,30.4,,1.7,70.8,1003.3
108,서울,2022-09-02,24.7,20.3,29.8,,3.1,61.8,1005.8
108,서울,2022-09-03,24.2,20.5,29.2,,3.4,63,1004.2
108,서울,2022-09-04,22.3,19.8,24,33.8,3.1,88.6,999.1
108,서울,2022-09-05,19.2,17.7,22.7,120,3.2,95.9,997.1
108,서울,2022-09-06,21,17,26.3,25.3,3.6,78,995.3
108,서울,2022-09-07,22.8,17.9,28.1,,1.9,65.3,1006.8
108,서울,2022-09-08,23.2,16.7,29.5,,1.6,65.5,1007.7
108,서울,2022-09-09,24.3,18.9,30.8,,2,59.1,1007.2
108,서울,2022-09-10,23.6,19,28.4,,2.6,52.3,1007.2
108,서울,2022-09-11,23.3,20.6,26.4,0.1,2.1,68.6,1004.8
108,서울,2022-09-12,23.8,20.3,27.5,,1.6,76.1,1004
108,서울,2022-09-13,24.3,21.8,26.4,0,2.5,73,1005.7
108,서울,2022-09-14,24.6,22.7,27.9,0,4.6,56.9,1005.7
108,서울,2022-09-15,25.2,22,28.3,0.1,3.6,66.9,1001
108,서울,2022-09-16,25.7,23.4,29.9,14.6,2.9,78.6,997.5
108,서울,2022-09-17,25.6,23.3,29.4,4.3,1.4,83.1,998.1
108,서울,2022-09-18,27.1,23,32.5,,2,75.3,993.8
108,서울,2022-09-19,24.6,19.5,29.6,,3.3,63.1,992.3
108,서울,2022-09-20,19.9,16.1,24.6,,2.3,57,1003.3
108,서울,2022-09-21,19.4,13,25.6,,1.8,56.9,1006.7
108,서울,2022-09-22,19.8,14.2,24.7,,2,60.1,1004.9
108,서울,2022-09-23,17.5,14.7,22.2,3.3,3.1,68.9,1002.7
108,서울,2022-09-24,18.5,12.3,24.2,,1.8,64.6,1006.6
108,서울,2022-09-25,19.6,15.4,25.2,,1.6,63.3,1006.1
108,서울,2022-09-26,20,14.8,25.4,,1.7,58.5,1006.6
108,서울,2022-09-27,20.9,14,28,,1.6,59,1005.4
108,서울,2022-09-28,20.4,16.1,26.1,,1.8,71,1003.5
108,서울,2022-09-29,20.4,16.4,26.5,,1.4,73.5,1004.5
108,서울,2022-09-30,20.7,14.8,27.7,,1.6,68,1005.9
108,서울,2022-10-01,20.9,14.4,27.6,,1.6,63.3,1007.4
108,서울,2022-10-02,19.4,17.2,21.6,15.8,2.7,78.9,1005.8
108,서울,2022-10-03,21.4,17.5,23.4,76,2.7,98.5,1001.2
108,서울,2022-10-04,17.9,14.2,23,11.8,2.9,83.8,1002.6
108,서울,2022-10-05,16.6,14.1,21.6,0.1,2.1,74.8,1009.2
108,서울,2022-10-06,15.8,12.7,19.1,0,2.1,76.6,1008.9
108,서울,2022-10-07,14.3,11,18.6,,2.5,69.5,1009.9
108,서울,2022-10-08,15.8,11.1,21.6,,2.5,64.6,1013.4
108,서울,2022-10-09,13.1,10.7,14.5,20.4,2.1,85.8,1007.3
108,서울,2022-10-10,9.9,8.2,11.9,0,3.8,72.9,1003.4
108,서울,2022-10-11,11.1,7.4,16.4,,2.2,69.1,1011.3
108,서울,2022-10-12,13.5,6.5,20.6,,1.8,68.1,1016.1
108,서울,2022-10-13,16.3,10.7,22.7,,1.5,69.6,1014.4
108,서울,2022-10-14,17.1,12.4,23,,1.6,73.4,1009.8
108,서울,2022-10-15,18.2,12.6,24.4,,1.4,68.5,1008.6
108,서울,2022-10-16,16.9,15.1,20.5,,1.7,73.9,1007.7
108,서울,2022-10-17,11.2,7.4,15.1,,3.4,50.3,1009.4
108,서울,2022-10-18,9.4,5,14.2,,2.3,52.1,1012.4
108,서울,2022-10-19,10.5,4.4,16.8,,1.8,57.8,1015.5
108,서울,2022-10-20,12.9,6,19.7,,1.8,64.4,1017
108,서울,2022-10-21,14,8.8,20.9,,1.7,68.8,1013.8
108,서울,2022-10-22,15.1,10.5,20.8,,1.9,76.3,1010.4
108,서울,2022-10-23,14,10.4,18.6,,2.7,65,1008.6
108,서울,2022-10-24,10.6,7.5,14.8,,2.8,52.6,1011.3
108,서울,2022-10-25,11.3,5.9,17.6,,2,56.5,1017.5
108,서울,2022-10-26,12.9,8,17.8,,1.9,58.3,1017
108,서울,2022-10-27,13.2,8.6,18.9,,1.7,71.8,1015
108,서울,2022-10-28,13.6,8.2,20.6,,1.7,70.1,1015.5
108,서울,2022-10-29,14.8,10.2,21.3,,1.8,65.9,1015.6
108,서울,2022-10-30,14.9,10.4,21.3,,1.9,64.5,1014.7
108,서울,2022-10-31,14.9,11.2,21.1,,2.1,69.8,1013.5
108,서울,2022-11-01,13.1,9.4,17.8,,1.8,73.5,1011.5
108,서울,2022-11-02,11.1,5.5,17.9,,1.7,57.1,1010.5
108,서울,2022-11-03,9.3,5.6,13.4,0,2,58.1,1009.3
108,서울,2022-11-04,4.9,1.6,9.8,,2.9,41.8,1012.9
108,서울,2022-11-05,6.5,0.8,13.6,,1.7,51.3,1014.5
108,서울,2022-11-06,9.6,3.7,16.4,,1.8,60.5,1013.8
108,서울,2022-11-07,11.4,6.1,16.6,0,1.7,64.5,1012.5
108,서울,2022-11-08,12.9,9.7,17.9,,1.5,68.3,1014.1
108,서울,2022-11-09,11.4,6.7,16,,1.5,76,1014.8
108,서울,2022-11-10,13.5,8.8,19.1,,1.3,74.5,1014.2
108,서울,2022-11-11,15.6,10.9,22.1,,1.8,62.5,1014.5
108,서울,2022-11-12,16.3,11.6,22,57.9,2.2,80,1005.1
108,서울,2022-11-13,10.3,8.7,17.3,,2.6,85.6,1005
108,서울,2022-11-14,9.7,5.9,13.8,,2.3,74.8,1007.5
108,서울,2022-11-15,8.1,4,12.3,1.6,2,77.4,1006.4
108,서울,2022-11-16,8.5,5.5,13,,1.7,71.3,1009.8
108,서울,2022-11-17,10.2,5.4,16.6,,1.6,64.6,1013.4
108,서울,2022-11-18,11,5.3,18.1,,1.6,69.6,1015.6
108,서울,2022-11-19,12.9,8.7,19.2,,2.3,55.8,1012
108,서울,2022-11-20,13.7,9.5,20.2,,1.7,58.3,1009.4
108,서울,2022-11-21,11.8,9.3,16.2,,1.6,70.5,1010.8
108,서울,2022-11-22,10.7,7,13.7,0,1.9,69.9,1010.3
108,서울,2022-11-23,10.8,6.8,15.2,0,2.1,56,1007.3
108,서울,2022-11-24,9.4,5.9,14.1,,1.5,65.6,1010.5
108,서울,2022-11-25,12.3,7.1,17.8,1.7,3,67.1,1006.6
108,서울,2022-11-26,6.7,1,12.9,,3,52.4,1007.9
108,서울,2022-11-27,5.4,-1.1,11.5,,2.4,43.1,1010
108,서울,2022-11-28,12.3,7.5,15,19.5,2.7,65.5,1003.7
108,서울,2022-11-29,6.9,-1.6,15,3.8,3.5,67,1007
108,서울,2022-11-30,-5.4,-8.1,-1.6,,3.9,49.1,1021.1
108,서울,2022-12-01,-5.4,-9.4,-1.2,,2.4,43.4,1021
108,서울,2022-12-02,-2.5,-7.6,3,,1.7,42,1019
108,서울,2022-12-03,2.1,-0.3,7,1.1,2.6,70.5,1014.6
108,서울,2022-12-04,-3.5,-5.2,-0.2,,2.8,38.9,1020.9
108,서울,2022-12-05,-3.1,-7,1.9,,2.4,41.9,1018.7
108,서울,2022-12-06,0.9,-3.9,5.3,0.1,2.4,62.8,1012.2
108,서울,2022-12-07,4.9,1.2,9,0.1,2.7,60.4,1012.3
108,서울,2022-12-08,3.7,0.1,9.1,,1.4,57.5,1015
108,서울,2022-12-09,4.5,0.9,10.2,0,2,60.8,1011.7
108,서울,2022-12-10,2.6,-0.6,6.7,,1.3,46.5,1009.9
108,서울,2022-12-11,1.6,-1.5,6.8,,1.8,52.5,1012.5
108,서울,2022-12-12,2,-2,6.3,5.4,1.7,73.4,1009.1
108,서울,2022-12-13,0,-6.4,3.1,0.6,3.5,70.8,1007.5
108,서울,2022-12-14,-8.4,-11,-4.9,,3.2,50.1,1017
108,서울,2022-12-15,-4.5,-8.5,-1.3,2.4,2.5,79.1,1013.9
108,서울,2022-12-16,-6.3,-9.6,-2.2,,2,56.9,1019.5
108,서울,2022-12-17,-7,-9.8,-3.2,0.2,2.7,52,1014.4
108,서울,2022-12-18,-9.5,-12.4,-5.6,,2.6,47.1,1012.2
108,서울,2022-12-19,-7,-12,-2.5,,1.7,55.6,1015.9
108,서울,2022-12-20,-3.2,-9.5,2.9,,2.2,55.8,1015.4
108,서울,2022-12-21,-0.1,-2.6,2.6,3.6,2.7,82.4,1001.2
108,서울,2022-12-22,-7.8,-11.3,-2.6,,4.4,60.5,999.6
108,서울,2022-12-23,-11.8,-13.7,-8.6,,4.3,60.5,1002.8
108,서울,2022-12-24,-8.4,-13.5,-2,,1.8,54.9,1009.9
108,서울,2022-12-25,-5.4,-9.6,0.2,,1.7,66.5,1012.8
108,서울,2022-12-26,-3.9,-7.9,1.7,,1.4,68.4,1015.3
108,서울,2022-12-27,-2.6,-7.3,3.3,,1.8,69.8,1018.1
108,서울,2022-12-28,-3.3,-6,0.1,0.1,2.5,58.1,1019.5
108,서울,2022-12-29,-2.9,-7.8,2.1,0,1.7,56.3,1021.4
108,서울,2022-12-30,-1.8,-4.4,2.3,0,1.9,65.6,1020.8
108,서울,2022-12-31,-1.2,-5.1,2.1,0,1.4,65.5,1019.5
108,서울,2023-01-01,-0.2,-4.3,3.8,,2.7,54.5,1019.8
108,서울,2023-01-02,-4.5,-7.4,-0.4,,2.5,45.9,1021
108,서울,2023-01-03,-5,-9,0.6,,1.8,49,1019.5
108,서울,2023-01-04,-1.8,-5.7,3.3,,1.9,51.4,1019.5
108,서울,2023-01-05,-1.6,-5.6,3.6,,1.6,58.1,1019.6
108,서울,2023-01-06,0.6,-4.7,5.7,3.9,2.2,71.9,1011.1
108,서울,2023-01-07,1.5,-1.4,3.8,0.1,2.2,80.9,1008.7
108,서울,2023-01-08,1.3,-3.7,6.3,,1.7,69.3,1013.9
108,서울,2023-01-09,3.1,-1.3,7,,2.3,60.1,1013.8
108,서울,2023-01-10,1.6,-3.9,9.1,,1.5,59.9,1017.6
108,서울,2023-01-11,2.6,-2,9.2,,1.6,61.9,1015
108,서울,2023-01-12,5.9,-0.6,12.5,0,2.2,46.6,1011.3
108,서울,2023-01-13,8.3,5.1,10.1,37.3,2.5,99.1,1000.5
108,서울,2023-01-14,6.6,3.8,8.4,1.6,2.5,92.9,1003.2
108,서울,2023-01-15,-0.2,-3.5,3.8,3.2,2.8,93.9,1007.3
108,서울,2023-01-16,-4.6,-6.8,-1.2,0,2.7,63.1,1014.4
108,서울,2023-01-17,-3.7,-7,-0.4,0,1.8,65.1,1015.7
108,서울,2023-01-18,-1.9,-4.6,2.2,0,2,60.5,1015.3
108,서울,2023-01-19,-0.4,-6,4.3,1,2.5,69.3,1012.1
108,서울,2023-01-20,-3.3,-7.7,2,,3.7,52.4,1016.5
108,서울,2023-01-21,-4.5,-10.5,1.5,,1.8,55.4,1019.4
108,서울,2023-01-22,-0.6,-2.8,2.6,0,2.6,62.8,1015.4
108,서울,2023-01-23,-0.8,-6.9,4.6,,2.7,66.6,1012.7
108,서울,2023-01-24,-14.7,-17,-6.9,0,4.6,51.9,1018.4
108,서울,2023-01-25,-11.3,-17.3,-5.4,0,2.1,45.1,1019.1
108,서울,2023-01-26,-6,-9,-3.5,0.8,2.5,80.1,1013
108,서울,2023-01-27,-7.3,-9.6,-3.8,,3.5,56.5,1012
108,서울,2023-01-28,-6,-11.2,-0.6,0,2.4,54.9,1011.3
108,서울,2023-01-29,-1.8,-8,4.9,,2.6,58.3,1008.2
108,서울,2023-01-30,-0.9,-4.4,4.2,,2.1,55.9,1012.2
108,서울,2023-01-31,2.4,-3.5,7.8,,2.7,69.1,1006.8
108,서울,2023-02-01,0.9,-3,6,,3.2,68.4,1009
108,서울,2023-02-02,-2.4,-5.1,1.4,,2.5,50.3,1015.9
108,서울,2023-02-03,-1.6,-3.9,3.4,,2.2,47.4,1012.5
108,서울,2023-02-04,-0.2,-5.2,6,,2,49.8,1013.9
108,서울,2023-02-05,1.7,-3.3,7.1,,1.8,71,1014
108,서울,2023-02-06,3,-1.7,8.8,,1.6,72.3,1011.6
108,서울,2023-02-07,3.5,-0.6,9.5,,1.5,72.9,1010.7
108,서울,2023-02-08,2.1,-1.3,7.8,,2.5,62.1,1015.7
108,서울,2023-02-09,4,-2.8,9.9,0,2.5,49.9,1015.9
108,서울,2023-02-10,3.8,1.1,6.2,0.6,2.2,79.6,1010.1
108,서울,2023-02-11,2.8,-1.2,8.5,,1.8,73,1012.7
108,서울,2023-02-12,3.7,-0.9,7.6,,1.8,70,1010.8
108,서울,2023-02-13,5.9,2.7,8.4,,2.3,66.5,1007.8
108,서울,2023-02-14,1.7,-2.5,6.6,,2.7,54.9,1012.1
108,서울,2023-02-15,3.2,-1.2,8.9,,2.5,46.4,1017.9
108,서울,2023-02-16,2.3,-0.7,4.5,0,2.7,68.3,1019.3
108,서울,2023-02-17,3.4,-1.5,9.8,,1.8,67.8,1016.5
108,서울,2023-02-18,5.7,3,8.1,,1.5,58.3,1009
108,서울,2023-02-19,3.5,0.2,6.1,0.4,3.3,56.1,1008.5
108,서울,2023-02-20,-0.5,-3.5,2.4,,3.3,46.4,1015.7
108,서울,2023-02-21,-1.3,-5.3,4.8,,2.1,42.4,1023.4
108,서울,2023-02-22,1.2,-4.5,8.4,,2.2,50.6,1019
108,서울,2023-02-23,2.9,-1.8,9.2,,1.9,65.5,1013.3
108,서울,2023-02-24,3.5,-0.4,8.5,,3,57.9,1013.7
108,서울,2023-02-25,0.7,-2.9,5.7,,2.9,44,1020.9
108,서울,2023-02-26,2.2,-3.4,9.4,,2.1,46.6,1025.4
108,서울,2023-02-27,4.4,-1.8,12.4,,1.9,47.4,1022.9
108,서울,2023-02-28,4.3,-0.7,8.7,,2,63.4,1016.3
108,서울,2023-03-01,6,2.9,9,,3.1,54.4,1011.3
108,서울,2023-03-02,2.2,-1.8,6.6,,2.8,37.8,1016.6
108,서울,2023-03-03,4.6,-1.9,10.4,,2.1,65,1016.7
108,서울,2023-03-04,7.7,3.7,14.1,,1.9,68.4,1017.8
108,서울,2023-03-05,8,2.5,15.4,,1.7,54,1016.2
108,서울,2023-03-06,9.2,2.2,16.5,,2.1,41.9,1012.3
108,서울,2023-03-07,11.7,6.3,19.4,,2.3,60.9,1009.1
108,서울,2023-03-08,12.5,7.4,17.7,1.2,2,66.3,1008.1
108,서울,2023-03-09,10.3,7.4,13.1,3.7,2.3,85.9,1004.8
108,서울,2023-03-10,13.5,6.2,22.2,,2.1,62.1,1008
108,서울,2023-03-11,15.2,10.2,22.8,,2.4,52,1010.8
108,서울,2023-03-12,5.9,0.6,12.6,5.6,3.7,68,1009.2
108,서울,2023-03-13,2.9,-1.9,7.6,,3.2,38.9,1011.5
108,서울,2023-03-14,9.2,3.3,15.4,,2.9,45.9,1007.2
108,서울,2023-03-15,8.6,3.5,14.4,,3,66.6,1009.7
108,서울,2023-03-16,4.6,0.4,9,,2.4,36.8,1017.9
108,서울,2023-03-17,7.2,0.7,12.7,,1.7,34.3,1013
108,서울,2023-03-18,7.7,2.5,14,,2.6,46.4,1008.4
108,서울,2023-03-19,8.3,2.3,15.2,,2.1,59.6,1009.2
108,서울,2023-03-20,9.5,2.6,17.1,,1.6,50.4,1005.2
108,서울,2023-03-21,13,5,22.2,,1.7,35.1,1001.3
108,서울,2023-03-22,17,9.2,25.1,,1.8,44.8,999.1
108,서울,2023-03-23,17.4,12.3,23.3,0,2.5,48.9,996.2
108,서울,2023-03-24,12.5,7.6,18.3,,2.3,36.8,1004.4
108,서울,2023-03-25,12.5,8,18.7,,2.3,59.9,1007.2
108,서울,2023-03-26,9.4,4.7,14,,3.6,34,1006.8
108,서울,2023-03-27,7.3,1.9,14.5,,2.3,44.8,1011.2
108,서울,2023-03-28,9.2,2.8,15.7,,2.1,53.3,1013.1
108,서울,2023-03-29,11.8,5.1,19.7,,1.9,50.3,1011.6
108,서울,2023-03-30,13.3,6.4,21.2,,2.2,42.5,1008.9
108,서울,2023-03-31,15,7.5,23.9,,2.1,42.5,1007.6
108,서울,2023-04-01,17.5,9.4,25.6,,1.8,40.4,1005.5
108,서울,2023-04-02,18.8,11.9,25.2,,2.4,29.6,1008.4
108,서울,2023-04-03,19,11.3,25.9,,2.3,29.4,1011.3
108,서울,2023-04-04,17.6,12.7,21.7,6.9,2.6,40.4,1007.7
108,서울,2023-04-05,11.9,8.7,14.9,50.3,3.4,97.8,998.2
108,서울,2023-04-06,8.8,7.4,9.7,2.7,2.5,94.6,1000
108,서울,2023-04-07,8.9,4.6,15.7,,2.9,65,1003.6
108,서울,2023-04-08,8.8,3.1,14.9,,3.2,51.1,1008.1
108,서울,2023-04-09,10.8,3.5,17.8,,2.5,56.8,1008.3
108,서울,2023-04-10,13.2,6.2,19.1,,2.7,50.8,1004.3
108,서울,2023-04-11,13.1,9.2,17.4,2.9,3.6,73.4,1000.2
108,서울,2023-04-12,10.1,4.8,15.3,,2.7,45.1,1007
108,서울,2023-04-13,11.9,5.1,17.2,0,1.8,45,1006.9
108,서울,2023-04-14,16.2,11.9,21.3,,1.6,58.6,1002.5
108,서울,2023-04-15,13.5,9.3,16.6,4.6,2.2,81.8,994.3
108,서울,2023-04-16,10.8,7.5,16.1,0,2.5,71.4,995.2
108,서울,2023-04-17,13.1,6.8,18.1,,2,59,1004.2
108,서울,2023-04-18,14,10.7,18.4,1.5,2.7,78.6,1001
108,서울,2023-04-19,19.1,11.5,28.4,,2.4,66.1,999
108,서울,2023-04-20,15.8,14.5,18.9,0.5,2.4,92.1,999.8
108,서울,2023-04-21,16.7,11.4,22.8,,2.5,50.4,1002
108,서울,2023-04-22,16.9,12.2,22.5,,2.6,22.9,1009
108,서울,2023-04-23,16.1,10.7,22.1,,2.1,34.1,1012
108,서울,2023-04-24,15.8,11.5,21.3,,2.7,40.5,1011.8
108,서울,2023-04-25,10.9,9,13.2,0.4,1.9,68.6,1004.9
108,서울,2023-04-26,10.2,7.4,13.5,0,3.1,69.9,1003.2
108,서울,2023-04-27,12.9,5.1,20,,1.9,61.6,1009.3
108,서울,2023-04-28,15.7,9,21.3,1.9,2.1,62,1005.5
108,서울,2023-04-29,13.2,9.9,15.8,25.1,2.9,88.1,996.2
108,서울,2023-04-30,12.7,7.9,17.9,0.1,3.3,72.9,999.6
108,서울,2023-05-01,14.6,9.8,20.8,,2.5,57,1006.7
108,서울,2023-05-02,16.7,9.1,23.7,,2.1,40.5,1011.7
108,서울,2023-05-03,19.5,12.4,26.2,,2.1,52.5,1010.1
108,서울,2023-05-04,21.4,15.6,25.8,,2.1,65.5,1002.5
108,서울,2023-05-05,18.4,15.5,21.6,30.2,2.5,95.3,992
108,서울,2023-05-06,12.6,11.7,15.5,47.5,5.4,85.6,996.3
108,서울,2023-05-07,14.4,11.1,18.6,,2.6,47.1,1002.3
108,서울,2023-05-08,15.3,7.9,22,,2.2,55.3,1006
108,서울,2023-05-09,17,10,24.4,,2.3,55.4,1005.8
108,서울,2023-05-10,18.4,10.7,26,,1.8,53.3,1006.2
108,서울,2023-05-11,19.5,12.8,26.7,,2.3,50.1,1007.2
108,서울,2023-05-12,18.4,13.1,24.7,,1.8,50.9,1006.2
108,서울,2023-05-13,17.8,12.6,23.9,0,2,62,1002.5
108,서울,2023-05-14,18.1,12.9,23.8,,2,56.5,999
108,서울,2023-05-15,20.6,12.8,27.9,,2.4,54.6,997.9
108,서울,2023-05-16,24,17.2,31.2,,2.5,51.9,999.9
108,서울,2023-05-17,23.5,18.6,28.7,,3.4,63.6,1002.5
108,서울,2023-05-18,21.2,18.8,27.6,1.3,2.1,74.8,1000.3
108,서울,2023-05-19,22.3,16.7,27.8,,2.3,61.4,998.9
108,서울,2023-05-20,21.2,16.6,26.7,,3,66.9,999.7
108,서울,2023-05-21,17.8,15.3,21.9,0.2,3,74,999.1
108,서울,2023-05-22,20.3,15.9,26.8,0,1.9,61.3,997.7
108,서울,2023-05-23,20.5,14.1,26.9,,2.2,48,999.8
108,서울,2023-05-24,20.6,14.8,25.9,,2,49.8,1003.8
108,서울,2023-05-25,21.2,15.7,27.4,0,2.4,46.6,1005.6
108,서울,2023-05-26,21.4,15.8,27.3,0.5,2.1,57.4,1007.5
108,서울,2023-05-27,19.3,18.6,20.7,31.8,1.7,87.4,1006.8
108,서울,2023-05-28,19.2,18.4,20.2,41.8,1.8,98.9,1001.9
108,서울,2023-05-29,23.2,19,28.5,2.3,1.6,83.4,999.9
108,서울,2023-05-30,24,20.5,28.9,,2.2,69.5,999.7
108,서울,2023-05-31,22.8,18.8,28.2,,2.5,60.8,1000
108,서울,2023-06-01,22.8,19.7,26.3,,1.9,66.9,995.6
108,서울,2023-06-02,20.4,17.9,25,0,2.3,77.4,992.5
108,서울,2023-06-03,22,16.6,27.8,,2.7,60.1,997.8
108,서울,2023-06-04,22.1,16.9,28,,2.4,61,1000.1
108,서울,2023-06-05,21.5,17.6,26.3,,2.6,66.9,1000.3
108,서울,2023-06-06,20.3,17.3,25.2,0,2.6,72.9,997.3
108,서울,2023-06-07,21.4,18.9,25.7,0,2.1,75.3,998
108,서울,2023-06-08,20.4,18.3,23.9,1.9,2.4,80.5,994.3
108,서울,2023-06-09,23.3,18.3,28.4,1.2,2,64,993.1
108,서울,2023-06-10,23.2,19.6,28.5,0.8,2.3,70,994.4
108,서울,2023-06-11,22.1,17.9,27.3,32.2,2.2,76.1,995
108,서울,2023-06-12,22.2,18.4,27.5,0,1.7,70.5,995.3
108,서울,2023-06-13,22,19.2,26,0,2.2,70,994.1
108,서울,2023-06-14,20.6,17.5,25,30.6,1.5,80.3,995.6
108,서울,2023-06-15,22.7,17.7,28.3,,2.1,70.8,998.1
108,서울,2023-06-16,23.7,19.1,28.9,,2.1,64.4,1002.7
108,서울,2023-06-17,24.2,18.9,30.2,,2,57.1,1002.5
108,서울,2023-06-18,25.9,20.8,32.6,,2,60.5,997.2
108,서울,2023-06-19,28.5,23.3,34,,2.2,57.8,995.7
108,서울,2023-06-20,24.7,21.4,26.4,6.4,1.9,64.5,994.1
108,서울,2023-06-21,20.5,19.2,22.1,24.9,2.1,92.6,991.2
108,서울,2023-06-22,22.5,18.9,26.4,0,2.2,77.1,993.6
108,서울,2023-06-23,24.4,20,29.9,,1.5,76.6,999.1
108,서울,2023-06-24,26.4,21.9,31.1,,2,70.5,1003.4
108,서울,2023-06-25,28.2,22.8,33.1,,2.1,64.9,1001.2
108,서울,2023-06-26,24.2,22.3,27.5,30.3,2.9,88.6,995.8
108,서울,2023-06-27,25.3,21.4,29.1,2.5,3.2,73.1,998
108,서울,2023-06-28,26.5,24.2,30.1,0,2.5,77.4,997.2
108,서울,2023-06-29,24.2,23.2,25.9,63.8,2.3,95.4,990.8
108,서울,2023-06-30,25.3,23.2,29.1,1,1.8,89.8,990.2
108,서울,2023-07-01,27.7,23.3,32.9,,2,76.9,995.5
108,서울,2023-07-02,26.7,23.5,30.6,,1.9,79.5,998.3
108,서울,2023-07-03,29.1,24.1,34.9,,1.8,72,995.2
108,서울,2023-07-04,26.1,24.5,29.2,61.8,2.3,86.8,989.3
108,서울,2023-07-05,24.5,22.1,27.1,15.3,3.7,82.6,985.1
108,서울,2023-07-06,27.3,22.4,31.8,,2.7,70.9,991.3
108,서울,2023-07-07,26.7,23.3,31.4,,2.3,64.9,991.8
108,서울,2023-07-08,25.6,22.4,29.7,,2.2,76.5,992.1
108,서울,2023-07-09,24.7,21.6,27,47.5,2,86.4,992.5
108,서울,2023-07-10,26.3,22.9,30.9,11.5,2.3,80.4,993.5
108,서울,2023-07-11,23.5,21.6,25.9,58.3,1.9,92.4,995.3
108,서울,2023-07-12,25.8,22,29.1,0.7,1.5,86.4,995.3
108,서울,2023-07-13,25.2,24.7,26.5,91.6,1.6,95,993.6
108,서울,2023-07-14,24.6,23.9,25.1,72.7,2.9,99.1,987.7
108,서울,2023-07-15,24.5,23.7,25.7,2.3,3,93.5,990.4
108,서울,2023-07-16,24.6,23.7,25.4,9.7,2.3,89.5,997.1
108,서울,2023-07-17,25.5,23.7,27.8,1.4,1.7,86.1,1001.5
108,서울,2023-07-18,25.2,24.1,27.7,2.3,1.4,87.9,1000.5
108,서울,2023-07-19,27.2,22.5,32.4,,1.7,78.8,997.3
108,서울,2023-07-20,27.9,24,32.8,,1.8,74,998.8
108,서울,2023-07-21,29.5,24.6,34.3,,1.8,69.6,1001.4
108,서울,2023-07-22,27.7,24.6,32.5,12.3,2.6,73.9,1001.1
108,서울,2023-07-23,25.2,24.5,25.8,40.2,2.1,94.3,997.4
108,서울,2023-07-24,26.9,24.6,30,0.4,2,83.1,998.5
108,서울,2023-07-25,27.8,25.8,30.5,5.6,2.7,80.5,1002.2
108,서울,2023-07-26,27.6,24.9,31.1,1,2.2,80.9,1004.3
108,서울,2023-07-27,28.4,24.4,32.2,0,1.9,78.1,1004.1
108,서울,2023-07-28,29.5,25.4,34.1,,2.1,72.4,1003.8
108,서울,2023-07-29,29.1,26.1,33.3,,2,72.1,1004.2
108,서울,2023-07-30,28.8,24.9,34.9,25,1.9,72.5,1002.9
108,서울,2023-07-31,28.7,25.6,33.4,0.3,1.7,76.3,1002.4
108,서울,2023-08-01,29.9,25.5,34.2,,1.9,71.6,1000.3
108,서울,2023-08-02,29.7,26.8,33.7,,2.1,67.8,997.5
108,서울,2023-08-03,29.5,25.8,33.8,,2.1,67,995.9
108,서울,2023-08-04,30,26.5,34.4,,1.9,67.6,994.2
108,서울,2023-08-05,30.3,26.4,34.9,,2,69,990.6
108,서울,2023-08-06,29.8,27,33,4.9,1.7,76.5,988.3
108,서울,2023-08-07,30.4,27.3,34.6,,2.7,68.4,989.5
108,서울,2023-08-08,30.9,26.4,35.8,,2.9,60.5,992.2
108,서울,2023-08-09,28.3,25.1,31.6,0.2,3.2,67.6,993.7
108,서울,2023-08-10,22.2,20.9,25.1,86.1,3.7,91.9,986.1
108,서울,2023-08-11,23.5,21.6,24.9,46.7,2.3,93.1,988.9
108,서울,2023-08-12,23.3,22.5,24.1,1.5,1.9,91,993.8
108,서울,2023-08-13,27,22.6,31.1,,1.7,76.9,994.5
108,서울,2023-08-14,28.1,24.8,31.9,,1.6,75.4,995.6
108,서울,2023-08-15,28.6,24.7,32.7,,2.3,71.4,994.6
108,서울,2023-08-16,27.3,24.7,31.6,0.3,2.1,72,993.7
108,서울,2023-08-17,28.2,24.5,32.4,,1.7,73,994.6
108,서울,2023-08-18,29.1,25.5,33.3,0.1,1.9,72.1,996.3
108,서울,2023-08-19,29.1,26.4,33.6,,1.9,68.9,999.5
108,서울,2023-08-20,28.3,25.5,31.8,0,1.6,71.8,1000.8
108,서울,2023-08-21,29.5,26,33.6,0,2.4,69.8,997.1
108,서울,2023-08-22,27.6,25.8,32.2,42.6,2.4,80.3,993.8
108,서울,2023-08-23,24.8,23.2,27.2,41.8,2.2,91.3,995.2
108,서울,2023-08-24,25.1,22.3,27.8,5.2,2.8,84.8,996
108,서울,2023-08-25,26.5,24,30,0,2.6,77.9,997.2
108,서울,2023-08-26,26.4,23.3,30.3,,1.8,72.3,999.3
108,서울,2023-08-27,26.1,22.7,29.6,0,1.8,75,998.4
108,서울,2023-08-28,22.7,20.8,25.6,10.4,3.3,87.5,997
108,서울,2023-08-29,23.9,22.5,25.5,54.8,2.1,89.6,995.2
108,서울,2023-08-30,22.8,21.5,24.5,3.5,1.1,88,999
108,서울,2023-08-31,23.9,21,28.9,,1.3,76.9,1000.4
108,서울,2023-09-01,24.5,19.7,29.6,,2,70.6,1001.8
108,서울,2023-09-02,25.4,19.7,30.8,,1.6,63.9,1001.5
108,서울,2023-09-03,25.8,23.1,28.8,0.1,2.2,77.8,1002.1
108,서울,2023-09-04,27,24.3,30.2,0.3,1.8,79.9,1001.9
108,서울,2023-09-05,28.5,25,32.8,0,1.8,69.5,1001.2
108,서울,2023-09-06,27.9,24,32.1,,2.4,65.1,1001.7
108,서울,2023-09-07,26.3,20.9,31.6,,2.5,54.8,1004.4
108,서울,2023-09-08,25.3,19.6,30.5,,2.3,60.3,1002.8
108,서울,2023-09-09,25.8,20.8,31.2,,1.8,66.3,1000.6
108,서울,2023-09-10,25.7,22,29.6,,1.6,68.1,999.8
108,서울,2023-09-11,25.5,23.1,29.8,,1.9,67.3,999.2
108,서울,2023-09-12,25.7,21.7,29.8,,1.5,69.8,1000.3
108,서울,2023-09-13,22.1,19.6,24.6,15.9,1.8,84.5,1001.6
108,서울,2023-09-14,23.4,19.2,27.2,,2.4,72.4,1002.8
108,서울,2023-09-15,22.3,20.3,24.3,2.1,2.6,82.3,1003.5
108,서울,2023-09-16,23.9,22,26.6,38.7,1.7,87.8,1001.6
108,서울,2023-09-17,24.7,22,28,3,1.4,84.8,1000.1
108,서울,2023-09-18,24.7,22.1,28.9,,1.9,79.1,1002
108,서울,2023-09-19,24.1,21.6,27.2,,1.6,81.1,1003.6
108,서울,2023-09-20,20.6,18.8,23.9,35.8,2.7,90.4,1000.5
108,서울,2023-09-21,20.1,17.5,23.6,0,2.3,70.9,1001.5
108,서울,2023-09-22,20.5,15.2,26.7,,1.7,68.4,1005.6
108,서울,2023-09-23,21.8,16.3,27.6,,2.5,63.9,1009.4
108,서울,2023-09-24,21.8,17.9,26.2,,2.9,56.4,1009.5
108,서울,2023-09-25,21.6,17.9,26,1.9,2.3,66.4,1006
108,서울,2023-09-26,19.9,18.6,20.8,27.8,2.4,95.8,1002.4
108,서울,2023-09-27,21.5,20,23.7,4.4,1.8,90.1,1000.7
108,서울,2023-09-28,22.7,19.6,27.3,,2,78.3,1003.2
108,서울,2023-09-29,21.1,17.4,26.9,,1.4,61.5,1003.7
108,서울,2023-09-30,19.7,17.1,22.2,4.5,2.2,77,1000.5
108,서울,2023-10-01,18.4,14.4,23.7,,2.4,59.5,1004.2
108,서울,2023-10-02,18.2,12.9,24.6,,1.7,53.8,1007.6
108,서울,2023-10-03,17.5,14.4,22.5,,1.7,66.3,1007
108,서울,2023-10-04,17.3,14.2,23.2,14.7,2.1,75.5,1003.6
108,서울,2023-10-05,14.2,9.9,19.2,,2.6,46.1,1006.2
108,서울,2023-10-06,15.5,9.6,21.5,,1.6,55.3,1008.5
108,서울,2023-10-07,16.8,11.7,21.2,,2.1,62.6,1011.5
108,서울,2023-10-08,17.1,15.2,19.5,0,2.5,67.1,1012.4
108,서울,2023-10-09,17.4,14.1,22.4,1.2,1.9,68.1,1009.1
108,서울,2023-10-10,17.1,11.9,23.5,,1.6,67.1,1010.4
108,서울,2023-10-11,17.6,12.9,24,,1.7,57.5,1013.8
108,서울,2023-10-12,17.5,12,24.1,,1.5,62.4,1013.5
108,서울,2023-10-13,17.5,14.3,21.5,,1.5,69.6,1007.1
108,서울,2023-10-14,14.7,12.9,18.2,5.8,1.4,84.9,999.8
108,서울,2023-10-15,16.1,10.9,21.2,,2,80,1000.1
108,서울,2023-10-16,14.7,10.7,19.6,,2.4,57,1004.6
108,서울,2023-10-17,13.8,7.5,20.9,,1.6,55.6,1008.7
108,서울,2023-10-18,15.7,9.2,21.6,,2.1,67,1008.6
108,서울,2023-10-19,17,14.9,18.9,8.2,1.5,82.5,1004.4
108,서울,2023-10-20,11.6,7.2,15.1,,3.2,46.9,1006.6
108,서울,2023-10-21,10.4,5.9,16.6,1.1,2.3,54.8,1009.6
108,서울,2023-10-22,12.5,5.4,18.7,,1.7,67.3,1012.2
108,서울,2023-10-23,15.2,11.1,21.4,,1.7,73.8,1011.7
108,서울,2023-10-24,15.6,11.2,19.3,,1.7,78.5,1009.4
108,서울,2023-10-25,16.6,12.7,21.9,,1.4,78.6,1007.3
108,서울,2023-10-26,17.2,14.6,21.1,0,2.1,79.4,1003.8
108,서울,2023-10-27,15.7,12.6,20.2,,1.9,71.1,1004
108,서울,2023-10-28,14.2,9.4,20.7,,1.4,62.9,1007.8
108,서울,2023-10-29,14.9,9.8,21.8,,1.7,61.6,1010.8
108,서울,2023-10-30,15.1,9.7,21.9,,1.7,72,1011.6
108,서울,2023-10-31,16.5,12.7,20.8,,1.8,76,1010.9
108,서울,2023-11-01,19,17.2,20.6,0,2.4,81.8,1006.7
108,서울,2023-11-02,20.8,18.7,25.9,,2.9,70.9,1005.6
108,서울,2023-11-03,19.5,17.7,22.4,8.5,2.8,83.3,1004.5
108,서울,2023-11-04,17.4,14.1,20.9,,2.6,75.5,1009.7
108,서울,2023-11-05,17.3,15.1,20.4,10.4,3.3,87,1005.1
108,서울,2023-11-06,13.3,6.6,19.3,45.8,4.9,84.9,995.9
108,서울,2023-11-07,5.8,3.6,9.9,0,3.2,62.5,1010.9
108,서울,2023-11-08,8.4,1.8,16.1,,1.7,55.1,1011.6
108,서울,2023-11-09,11.4,5.9,18.4,5.1,2.1,73.1,1008.9
108,서울,2023-11-10,3.4,0.5,9.1,,3.9,53.1,1015.4
108,서울,2023-11-11,1.7,-1.9,6.7,,2.2,47.9,1017.8
108,서울,2023-11-12,1.2,-2,5.7,,2.2,53.8,1016.6
108,서울,2023-11-13,2,-2.2,6.7,,2.3,54,1017.3
108,서울,2023-11-14,5,-0.8,10.8,,1.7,66.1,1015.9
108,서울,2023-11-15,7,2,12.5,,1.5,71.4,1016.9
108,서울,2023-11-16,6.6,5.7,7.4,8.4,1.9,85,1008.4
108,서울,2023-11-17,1.6,-1.9,5.9,0,2.9,59.3,1003.1
108,서울,2023-11-18,0.6,-3.8,5.7,,3.5,58.9,1007.3
108,서울,2023-11-19,5.9,-0.3,13.4,,2.4,68.3,1006.7
108,서울,2023-11-20,6.2,1.8,12.8,,1.5,58.4,1012.6
108,서울,2023-11-21,7.4,1.4,14.8,,1.7,59.6,1010.9
108,서울,2023-11-22,9.5,2.9,15.1,,1.8,68.1,1005.7
108,서울,2023-11-23,9.9,1.9,14.6,0.1,3.3,71.1,1003.2
108,서울,2023-11-24,-1.5,-4.4,2.2,,3.8,51.8,1017.8
108,서울,2023-11-25,-1.3,-5.9,4,,1.8,42.8,1021.5
108,서울,2023-11-26,4,-0.1,7.2,0,1.4,43.6,1013.6
108,서울,2023-11-27,6.2,4.4,9.3,3.6,2.4,82.9,1003.4
108,서울,2023-11-28,1.3,-1.2,5.2,0,3.2,57.5,1010.4
108,서울,2023-11-29,-1.4,-4,3,0,2.5,58.9,1014.2
108,서울,2023-11-30,-4.3,-7.3,-0.5,,2.8,48.5,1017.6
108,서울,2023-12-01,-3.2,-6.8,0.7,,2,55.3,1015.4
108,서울,2023-12-02,2,-4.4,8,0,2.4,60.8,1013.6
108,서울,2023-12-03,0.8,-2.8,6,,1.7,56.3,1015.6
108,서울,2023-12-04,2.7,-3,9.4,,1.6,59.5,1011.1
108,서울,2023-12-05,6.8,3.8,12.6,,2,55.4,1006.6
108,서울,2023-12-06,6.1,3.9,8.7,3.8,2.3,76.1,999.2
108,서울,2023-12-07,6.6,0.8,11.4,,2.6,64,1003.8
108,서울,2023-12-08,11.2,5.1,16.8,,3,73.4,1002.5
108,서울,2023-12-09,13.7,11.7,16.2,,2,82.9,1006.8
108,서울,2023-12-10,11.4,6.7,15.5,0,,67.9,1012
108,서울,2023-12-11,8.9,5,12.3,11.4,,82.9,1006.7
108,서울,2023-12-12,5.4,3.5,9.3,0.4,2.7,75.6,1010.5
108,서울,2023-12-13,6.8,2.6,10.3,,2.4,74.1,1016.9
108,서울,2023-12-14,7.6,6.2,9.1,17,4.5,85.8,1011.7
108,서울,2023-12-15,4.9,3.7,6.2,31.1,3.6,95.4,1001.7
108,서울,2023-12-16,-4.1,-9.9,3.8,1.5,5.2,68.9,1011.2
108,서울,2023-12-17,-9.8,-12.4,-6.4,,3.2,48.9,1022.8
108,서울,2023-12-18,-7.7,-12.2,-3.6,,2.2,45.1,1023.6
108,서울,2023-12-19,-3.7,-8.2,0.2,0.3,1.9,63.1,1017.4
108,서울,2023-12-20,-7.4,-11.9,-2.1,0.8,3.4,64.1,1016.3
108,서울,2023-12-21,-11.7,-14.4,-8,,3,57.4,1019.2
108,서울,2023-12-22,-11.6,-14.7,-8,,2.7,51.8,1025
108,서울,2023-12-23,-6.8,-12.7,-0.9,,1.8,53.4,1025.5
108,서울,2023-12-24,-2.2,-5.6,3,1.1,1.6,73.4,1019.6
108,서울,2023-12-25,-0.7,-2.7,2.1,0.7,1.5,80.8,1017.4
108,서울,2023-12-26,1.9,-2.6,7.2,,1.8,72.9,1018
108,서울,2023-12-27,1.5,-2.8,6.8,,1.4,76.6,1019.4
108,서울,2023-12-28,1.2,-1.7,4.4,,1.6,69.5,1017.7
108,서울,2023-12-29,1.3,-1.5,4.6,,1.7,71,1016.2
108,서울,2023-12-30,0.6,-0.9,2.1,13.1,2.6,92,1006.9
108,서울,2023-12-31,2.1,0.6,4.3,4.7,2,95.5,1006.8